{"id":2,"user_id":1,"driver_id":1,"car_id":1,"miles":30.5,"drive_time":1280,"start_time":"Sat Nov 09 2013 04:22:50 GMT-0800","end_time":"Sat Nov 09 2013 06:37:50 GMT-0800","total_cost":24.29,"created":"Sat Nov 09 2013 09:40:00 GMT-0800","legs":[{"id":1,"trip_id":1,"car_id":1,"carvoyant_leg_id":26,"user_id":1,"driver_id":1,"start_time":"Sat Nov 09 2013 08:22:50 GMT-0800","end_time":"Sat Nov 09 2013 08:32:50 GMT-0800","start_gps":"28.2135,-82.647656","end_gps":"28.2068,-82.667691","fuel":[]},{"id":2,"trip_id":1,"car_id":1,"carvoyant_leg_id":27,"user_id":1,"driver_id":1,"start_time":"Sat Nov 09 2013 08:52:50 GMT-0800","end_time":"Sat Nov 09 2013 09:13:50 GMT-0800","in_progress":1,"start_gps":"28.2068,-82.667691","end_gps":"28.20227,-82.664303","fuel":[{"id":1,"leg_id":2,"trip_id":1,"percent_diff":72.2,"percent":99.4,"type":"unleaded","amount":23.8287,"per_gallon":3.4999,"total_cost":83.4}]},{"id":3,"trip_id":1,"car_id":1,"carvoyant_leg_id":28,"user_id":1,"driver_id":1,"start_time":"Sat Nov 09 2013 09:22:50 GMT-0800","end_time":"Sat Nov 09 2013 09:32:50 GMT-0800","start_gps":"28.20227,-82.664303","end_gps":"28.2135,-82.647656","fuel":[]}]}